Variables,CLM40cn
Surface Air Temperature,0.943302939794
GPP,0.655168922904
Albedo,0.771282157627
