Variables,CLM40cn,CLM45bgc_CRUNCEP
Surface Air Temperature,0.943302939794,0.944792614491
GPP,0.655168922904,0.673914926629
Albedo,0.771282157627,0.757786010059
